{"cameraMode":{"drawMode":0,"name":"Shaded","section":"Shading Mode"},"sceneLighting":true,"audioPlay":false,"sceneViewState":{"showFog":false,"showMaterialUpdate":false,"showSkybox":false,"showFlares":false,"showImageEffects":false,"showParticleSystems":false},"in2DMode":false,"pivot":{"x":-6.171685218811035,"y":-23.173830032348634,"z":-8.260953903198243},"rotation":{"x":0.08139323443174362,"y":-0.8662047386169434,"z":0.4696280062198639,"w":0.15012307465076447},"size":5.532955169677734,"orthographic":false}